,title,description
0,apple jaga iphone kabar kurang sedap ponsel lipat google,apple jaga target produksi iphone banyak juta unit hingga akhir ponsel lipat google tidak rilis hingga
1,kuak misteri mati steve jobs sang temu apple,misteri mati steve jobs tanggal oktober steve jobs tinggal juang lawan kanker pankreas langka usia tahun
2,cara buat id apple mudah anti ribet,berita cara buat id apple mudah anti ribet baru hari sumber percaya
3,apple adopsi fitur android iphone,jumlah perangkat android dukung mode layar always on salah satu samsung kini fitur sebut hadir seri iphone
4,niat libur wisatawan malah korban jambret kuta bal,handphone merek apple xr warna putih milik korban sedang pegang teman hasil rampas jambret laku kemudian kabur
5,daftar smartwatch laku pasar,berita daftar smartwatch laku pasar baru hari sumber percaya
6,rekomendasi iphone layak beli tahun,metode bayar cicil barang online kredivo beli iphone bekas layak beli tahun
7,gin harga mobil toyota starlet versi baru,baru baru toyota umum produk baru butuh pasar konsumen mobil sebut beri nama all new toyota starlet
8,respons amtd group ajak airlangga investasi ri,airlangga hartarto hadir temu bilateral chairman of the board of directors amtd group dr calvin choi bahas peluang investasi ri
9,usaha ai jerman rapat indonesia,usaha teknologi bas cerdas buat ai gerak terjemah instan asal jerman deepl kini rangkul indonesia
10,deret potret seru eddie redmayne sudut new york tokyo,nbsp eddie redmayne aktor nama asal inggris punya cara sendiri hilang jenuh jadwal padat
11,squid aplikasi media berita global hadir indonesia,luncur edisi indonesia sedia bahasa indonesia inggris rupa luncur sejak luncur pertama kali stockholm swedia
12,cara download play store laptop praktis banget,empat cara download play store laptop empat cara sebut tidak sulit tidak makan waktu banyak mudah
13,cek sehat jam tangan pintar,jam tangan pintar smartwatch buah perangkat pintar hubung smartphone fungsi bantu beri alert
14,rahasia perintah dunia sebar kejut benar,rahasia perintah dunia sebar tidak rilis waktu tidak tepat bocor dokumen semua
15,tv aksesori paling awet dapat bhinneka diskon juta,tv aksesori paling awet dapat bhinneka diskon juta laku hingga juni tawar lengkap klik sini agam perlu it telekomunikasi perangkat elektronik the post tv aksesori paling awet dapat ha
16,usaha startup hadap hari hari gelap,masa bulan madu usaha startup tampak akhir banyak mulai encang ikat pinggang tidak umbar diskon bahkan phk
17,ngobrol bareng musisi mula nebeng twit viral buat promosi soundcloud,zaman masuk playlist spotify capai keren jumlah musisi muda coba cara promosi karya cara nebeng twit sedang viral
